year,film,Production Company
1927,The Jazz Singer,Warner Bros. Pictures
1928,Our Dancing Daughters,Metro-Goldwyn-Mayer
1934,It Happened One Night,Columbia Pictures
1936,Mr. Deeds Goes to Town,Columbia Pictures
1930,Morocco,Paramount
1936,Theodora Goes Wild,Columbia Pictures
1936,The Great Ziegfeld,Metro-Goldwyn-Mayer
1931,The Champ,Metro-Goldwyn-Mayer
1937,Stage Door,RKO Radio Pictures
1937,The Awful Truth,Columbia Pictures
1938,Four Daughters,Warner Bros. Pictures
1939,Stagecoach,Walter Wanger Productions
1939,Stagecoach,United Artists
1939,Ninotchka,Metro-Goldwyn-Mayer
1939,Love Affair,RKO Radio Pictures
1940,Rebecca,Selznick International Pictures
1940,Rebecca,United Artists
1940,The Grapes of Wrath,20th Century Fox
1940,The Great Dictator,Roy Export Company Establishment
1940,The Great Dictator,United Artists
1940,The Philadelphia Story,Metro-Goldwyn-Mayer
1934,Cleopatra,Paramount
1941,The Devil and Miss Jones,Frank Ross-Norma Krasna Inc.
1941,Meet John Doe,Frank Capra Productions
1941,Meet John Doe,Warner Bros. Pictures
1941,How Green Was My Valley,20th Century Fox
1942,Woman of the Year,Metro-Goldwyn-Mayer
1935,Mutiny on the Bounty,Metro-Goldwyn-Mayer
1942,Mrs. Miniver,Metro-Goldwyn-Mayer
1943,Watch on the Rhine,Warner Bros. Pictures
1943,Shadow of a Doubt,Universal Pictures
1943,Shadow of a Doubt,Skirball Productions
1944,Double Indemnity,Paramount
1944,Meet Me in St. Louis,Metro-Goldwyn-Mayer
1944,Meet Me in St. Louis,"""Loews Incorporated"""
1944,Laura,20th Century Fox
1944,Cover Girl,Columbia Pictures
1944,Since You Went Away,Vanguard Films
1944,Since You Went Away,Selznick International Pictures
1944,Lifeboat,20th Century Fox
1944,The Uninvited,Paramount
1945,Mildred Pierce,Warner Bros. Pictures
1945,Spellbound,Selznick International Pictures
1945,Spellbound,United Artists
1936,San Francisco,Metro-Goldwyn-Mayer
1946,It's a Wonderful Life,Liberty Films
1946,It's a Wonderful Life,RKO Radio Pictures
1936,Fury,Metro-Goldwyn-Mayer
1946,The Stranger,International Pictures
1946,The Stranger,RKO Radio Pictures
1947,Black Narcissus,The Archers
1947,Black Narcissus,J. Arthur Rank Organisation
1947,The Ghost and Mrs. Muir,20th Century Fox
1947,Body and Soul,Enterprise Productions
1947,Body and Soul,United Artists
1936,My Man Godfrey,Universal Pictures
1947,Miracle on 34th Street,20th Century Fox
1948,The Red Shoes,Independent Producers
1948,The Red Shoes,The Archers
1948,The Snake Pit,20th Century Fox
1948,I Remember Mama,RKO Radio Pictures
1948,Joan of Arc,Walter Wanger Productions
1948,Joan of Arc,RKO Radio Pictures
1949,The Barkleys of Broadway,Metro-Goldwyn-Mayer
1949,Little Women,Metro-Goldwyn-Mayer
1949,A Letter to Three Wives,20th Century Fox
1949,The Heiress,Paramount
1937,Lost Horizon,Columbia Pictures
1937,The Life of Emile Zola,Warner Bros. Pictures
1950,Born Yesterday,Columbia Pictures
1950,No Way Out,20th Century Fox
1950,Caged,Warner Bros. Pictures
1951,A Streetcar Named Desire,Charles K. Feldman Group
1951,A Streetcar Named Desire,Warner Bros. Pictures
1951,Show Boat,Metro-Goldwyn-Mayer
1951,Quo Vadis,Metro-Goldwyn-Mayer
1953,Roman Holiday,Paramount
1953,The Cruel Sea,Ealing Studios
1953,The Cruel Sea,Michael Balcon Productions
1938,The Adventures of Robin Hood,Warner Bros. Pictures
1953,From Here to Eternity,Columbia Pictures
1953,How to Marry a Millionaire,20th Century Fox
1938,Angels with Dirty Faces,Warner Bros. Pictures
1954,Seven Brides for Seven Brothers,Metro-Goldwyn-Mayer
1954,Seven Brides for Seven Brothers,"""Loews Incorporated"""
1954,Rear Window,Alfred J. Hitchcock Productions
1954,Rear Window,Paramount
1954,Sabrina,Paramount
1954,Three Coins in the Fountain,20th Century Fox
1955,To Catch a Thief,Paramount
1955,Guys and Dolls,Samuel Goldwyn Productions
1955,Marty,United Artists
1955,Marty,Hecht-Lancaster Productions
1938,Jezebel,Warner Bros. Pictures
1955,Oklahoma!,RKO Radio Pictures
1955,Oklahoma!,Magna Corporation
1955,Summertime,London Films Productions
1955,Summertime,United Artists
1956,The Bad Seed,Warner Bros. Pictures
1956,War and Peace,Paramount
1956,War and Peace,Ponti-De Laurentiis Cinematografica
1939,Of Mice and Men,United Artists
1939,Of Mice and Men,Hal Roach Studios
1939,Wuthering Heights,Samuel Goldwyn Productions
1939,Wuthering Heights,United Artists
1956,High Society,Sol C. Siegel Productions
1956,High Society,Bing Crosby Productions
1939,"Goodbye, Mr. Chips",Metro-Goldwyn-Mayer British Studios
1957,Funny Face,Paramount
1939,Juarez,Warner Bros. Pictures
1958,Auntie Mame,Warner Bros. Pictures
1958,Separate Tables,Norlan Productions
1958,Separate Tables,Hecht-Hill-Lancaster Productions
1939,Mr. Smith Goes to Washington,Columbia Pictures
1958,South Pacific,Magna Theatre Corporation
1958,South Pacific,South Pacific Enterprises
1958,The Inn of the Sixth Happiness,20th Century Fox
1958,Cat on a Hot Tin Roof,Avon Productions
1958,Cat on a Hot Tin Roof,Metro-Goldwyn-Mayer
1939,Young Mr. Lincoln,20th Century Fox
1939,Young Mr. Lincoln,Cosmopolitan Productions
1958,I Want to Live!,United Artists
1958,I Want to Live!,Figaro
1959,Ben-Hur,Metro-Goldwyn-Mayer
1959,The Nun's Story,Warner Bros. Pictures
1939,The Private Lives of Elizabeth and Essex,Warner Bros. Pictures
1959,Some Like It Hot,The Mirisch Company
1959,Some Like It Hot,Ashton Productions
1940,Foreign Correspondent,Walter Wanger Productions
1940,Foreign Correspondent,United Artists
1959,Pillow Talk,Arwin Productions
1960,Inherit the Wind,Stanley Kramer Productions
1960,Inherit the Wind,United Artists
1960,The Apartment,The Mirisch Company
1960,Psycho,Shamley Productions
1960,Exodus,Carlyle Productions
1960,Exodus,United Artists
1940,Comrade X,Metro-Goldwyn-Mayer
1960,The Virgin Spring,SF Studios
1961,The Children's Hour,The Mirisch Company
1961,The Children's Hour,United Artists
1940,The Letter,Warner Bros. Pictures
1961,"One, Two, Three",The Mirisch Company
1961,"One, Two, Three",United Artists
1961,West Side Story,Seven Arts Productions
1961,West Side Story,The Mirisch Company
1940,"All This, and Heaven Too",Warner Bros. Pictures
1961,Splendor in the Grass,Newton Productions
1961,Splendor in the Grass,NBI Productions
1940,Boom Town,Metro-Goldwyn-Mayer
1961,The Parent Trap,Walt Disney Productions
1962,What Ever Happened to Baby Jane?,The Associates & Aldrich Company
1962,What Ever Happened to Baby Jane?,Seven Arts Productions
1962,Lolita,Seven Arts Productions
1962,Lolita,Allied Artists
1962,To Kill a Mockingbird,Pakula-Mulligan
1962,To Kill a Mockingbird,Brentwood Productions
1962,Gypsy,Warner Bros. Pictures
1962,The Miracle Worker,Playfilm Productions
1962,Hatari!,Paramount
1962,Hatari!,Malabar
1941,Citizen Kane,Mercury Productions
1941,Citizen Kane,RKO Radio Pictures
1963,Tom Jones,Woodfall Film Productions
1941,The Lady Eve,Paramount
1963,"It's a Mad, Mad, Mad, Mad World",United Artists
1963,"It's a Mad, Mad, Mad, Mad World",Casey Productions
1963,Cleopatra,MCL Films S.A.
1963,Cleopatra,Walwa Films S.A.
1941,The Little Foxes,RKO Radio Pictures
1941,The Little Foxes,Samuel Goldwyn Productions
1964,Mary Poppins,Walt Disney Productions
1964,My Fair Lady,Warner Bros. Pictures
1941,The Maltese Falcon,Warner Bros. Pictures
1964,The Unsinkable Molly Brown,Metro-Goldwyn-Mayer
1965,The Sound of Music,Robert Wise Productions
1965,The Sound of Music,Argyle Enterprises
1965,Inside Daisy Clover,Park Place Production
1965,Inside Daisy Clover,Warner Bros. Pictures
1965,Darling,Vic Films Productions
1965,Darling,Joseph Janni Production
1965,A Patch of Blue,Metro-Goldwyn-Mayer
1966,Georgy Girl,Everglades Productions
1966,Georgy Girl,Columbia Pictures
1967,Bonnie and Clyde,Tatira-Hiller Productions
1967,Bonnie and Clyde,Warner Bros. Pictures
1967,Thoroughly Modern Millie,Ross Hunter Productions
1967,Thoroughly Modern Millie,Universal Pictures
1967,Two for the Road,Stanley Donen Films
1967,Guess Who's Coming to Dinner,Stanley Kramer Productions
1967,Guess Who's Coming to Dinner,Columbia Pictures
1968,Rosemary's Baby,William Castle Productions
1968,Romeo and Juliet,Paramount
1968,Romeo and Juliet,Dino de Laurentiis Cinematografica
1968,Star!,Robert Wise Productions
1968,Star!,20th Century Fox
1968,The Lion in Winter,AVCO Embassy Pictures
1968,The Lion in Winter,Haworth Productions
1968,Funny Girl,Columbia Pictures
1968,Funny Girl,Rastar Productions
1942,The Magnificent Ambersons,Mercury Productions
1942,The Magnificent Ambersons,RKO Radio Pictures
1969,"Hello, Dolly!",Chenault Productions
1969,"Hello, Dolly!",20th Century Fox
1970,Five Easy Pieces,Raybert Productions
1970,Airport,Ross Hunter Productions
1970,Darling Lili,Paramount
1970,Darling Lili,Geoffrey Productions
1971,Bedknobs and Broomsticks,Walt Disney Productions
1971,"Mary, Queen of Scots",Universal Pictures
1943,The More the Merrier,Columbia Pictures
1971,Klute,Gus Productions
1971,Klute,Warner Bros. Pictures
1971,Nicholas and Alexandra,Columbia Pictures
1971,Nicholas and Alexandra,Horizon Pictures
1971,The Andromeda Strain,Universal Pictures
1972,Travels with My Aunt,Metro-Goldwyn-Mayer
1972,Butterflies Are Free,Frankovich Productions
1972,Butterflies Are Free,Columbia Pictures
1972,Cabaret,Allied Artists Pictures
1972,Cabaret,ABC Pictures
1972,The Discreet Charm of the Bourgeoisie,Greenwich Film Production
1972,The Discreet Charm of the Bourgeoisie,20th Century Fox
1972,Lady Sings the Blues,Weston Productions
1972,Lady Sings the Blues,Jobete Productions
1973,The Exorcist,Hoya Productions
1973,The Exorcist,Warner Bros. Pictures
1973,Paper Moon,The Directors Company
1973,Paper Moon,Saticoy Productions
1974,Alice Doesn't Live Here Anymore,Warner Bros. Pictures
1975,Jaws,Zanuck/Brown Productions
1975,Jaws,Universal Pictures
1944,Hail the Conquering Hero,Paramount
1975,Dog Day Afternoon,Artists Entertainment Complex
1975,Dog Day Afternoon,Warner Bros. Pictures
1975,Nashville,Paramount
1975,Nashville,ABC Entertainment
1976,Network,United Artists
1976,Network,Metro-Goldwyn-Mayer
1977,The Turning Point,Hera Productions
1977,Julia,20th Century Fox
1977,Annie Hall,United Artists
1977,Annie Hall,Rollins-Joffe Productions
1977,The Goodbye Girl,Metro-Goldwyn-Mayer
1977,The Goodbye Girl,Rastar Productions
1977,A Little Night Music,Elliott Kastner Productions
1977,A Little Night Music,Sascha-Film
1978,Autumn Sonata,Suede Film
1978,Autumn Sonata,Personafilm
1978,Interiors,United Artists
1978,Death on the Nile,Mersham Productions
1978,Death on the Nile,EMI Films
1978,The Wiz,Universal Pictures
1978,The Wiz,Motown Productions
1979,The China Syndrome,Columbia Pictures
1979,The China Syndrome,IPC Films
1945,The Lost Weekend,Paramount
1979,Norma Rae,20th Century Fox
1980,Private Benjamin,Warner Bros. Pictures
1980,Coal Miner's Daughter,Universal Pictures
1981,Reds,JRS Productions
1981,Reds,Barclays Mercantile Industrial Finance
1946,The Jolson Story,Columbia Pictures
1981,Absence of Malice,Mirage Enterprises
1981,Absence of Malice,Columbia Pictures
1946,The Best Years of Our Lives,Samuel Goldwyn Productions
1946,The Best Years of Our Lives,RKO Radio Pictures
1982,Sophie's Choice,ITC
1982,Sophie's Choice,Keith Barish Productions
1946,Notorious,RKO Radio Pictures
1982,An Officer and a Gentleman,Paramount
1982,An Officer and a Gentleman,Lorimar Film Entertainment
1982,Missing,Universal Pictures
1982,Victor/Victoria,Peerford Ltd.
1982,Victor/Victoria,Artista Management
1983,Silkwood,ABC Pictures
1983,Educating Rita,Acorn Pictures
1983,Educating Rita,Columbia Pictures
1947,Gentleman's Agreement,20th Century Fox
1983,Flashdance,Paramount
1983,Flashdance,PolyGram Filmed Entertainment
1947,Crossfire,RKO Radio Pictures
1984,The Bostonians,Merchant Ivory Productions
1984,Amadeus,AMLF
1984,Amadeus,The Saul Zaentz Company
1947,Odd Man Out,Two Cities Films
1984,A Passage to India,EMI Films
1984,A Passage to India,Thorn EMI Screen Entertainment
1984,Romancing the Stone,SLM Production Group
1984,Romancing the Stone,Nina Saxon Film Design
1985,Brazil,Embassy International Pictures
1985,The Color Purple,Amblin Entertainment
1985,The Color Purple,The Guber-Peters Company
1985,The Trip to Bountiful,Bountiful Film Partners
1985,The Trip to Bountiful,FilmDallas Pictures
1985,A Chorus Line,Feuer and Martin Production
1985,A Chorus Line,A
1985,The Official Story,Progress Communications
1985,The Official Story,Historias Cinematográficas
1985,The Purple Rose of Cairo,Orion Pictures
1948,Hamlet,Two Cities Films
1985,Witness,Paramount
1985,Out of Africa,Universal Pictures
1985,Out of Africa,Mirage Entertainment
1986,Hannah and Her Sisters,Orion Pictures
1986,Hannah and Her Sisters,Jack Rollins & Charles H. Joffe Productions
1986,Peggy Sue Got Married,American Zoetrope
1986,Peggy Sue Got Married,TriStar Pictures
1986,Star Trek IV: The Voyage Home,Paramount
1986,Children of a Lesser God,Paramount
1949,All the King's Men,Columbia Pictures
1987,Moonstruck,Star Partners
1987,Moonstruck,Metro-Goldwyn-Mayer
1987,The Last Emperor,Hemdale Film Corporation
1987,The Last Emperor,Recorded Pictures Company
1987,Fatal Attraction,Paramount
1987,Broadcast News,Amercent Films
1987,Broadcast News,American Entertainment Partners L.P.
1987,Hope and Glory,Columbia Pictures
1988,Die Hard,Gordon Company
1988,Die Hard,Silver Pictures
1988,Working Girl,20th Century Fox
1988,Dangerous Liaisons,Lorimar Film Entertainment
1988,Dangerous Liaisons,NFH Films
1988,A Fish Called Wanda,Prominent Features
1988,A Fish Called Wanda,Metro-Goldwyn-Mayer
1950,The Asphalt Jungle,Metro-Goldwyn-Mayer
1988,Gorillas in the Mist,The Guber-Peters Company
1988,Gorillas in the Mist,Universal Pictures
1989,The Abyss,Lightstorm Entertainment
1989,The Abyss,Pacific Western
1989,Henry V,BBC Films
1989,Henry V,Renaissance Films
1989,Crimes and Misdemeanors,Orion Pictures
1989,Crimes and Misdemeanors,Jack Rollins & Charles H. Joffe Productions
1989,Born on the Fourth of July,Universal Pictures
1989,Born on the Fourth of July,Ixtlan
1989,Driving Miss Daisy,The Zanuck Company
1989,Driving Miss Daisy,Majestic Films International
1990,Ghost,Paramount
1951,An American in Paris,"""Loews"""
1951,An American in Paris,Metro-Goldwyn-Mayer
1990,Alice,Orion Pictures
1990,Metropolitan,Allagash Films
1990,Metropolitan,Waverly Films
1991,The Silence of the Lambs,Orion Pictures
1991,The Silence of the Lambs,Strong Heart/Demme Production
1951,Strangers on a Train,Warner Bros. Pictures
1991,Fried Green Tomatoes,Universal Pictures
1991,Fried Green Tomatoes,Act III Productions
1991,Terminator 2: Judgment Day,TriStar Pictures
1991,Terminator 2: Judgment Day,StudioCanal
1991,The Fisher King,TriStar Pictures
1991,The Addams Family,Scott Rudin Productions
1991,The Addams Family,Orion Pictures
1991,JFK,Ixtlan Productions
1991,JFK,Warner Bros. Pictures
1992,Toys,Baltimore Pictures
1992,Toys,20th Century Fox
1992,Enchanted April,BBC Films
1992,Enchanted April,Miramax
1992,Passion Fish,Atchafalaya
1992,Howards End,Merchant Ivory Productions
1992,Howards End,Film4 Productions
1952,The Greatest Show on Earth,Paramount
1992,The Player,Fine Line Features
1992,The Player,Avenue Pictures
1992,Malcolm X,40 Acres and a Mule Filmworks
1992,Malcolm X,JVC
1992,Husbands and Wives,TriStar Pictures
1992,Bram Stoker's Dracula,American Zoetrope
1992,Bram Stoker's Dracula,Osiris Films
1952,The Bad and the Beautiful,Metro-Goldwyn-Mayer
1952,High Noon,Stanley Kramer Productions
1952,High Noon,United Artists
1952,The Quiet Man,Republic Pictures
1992,Unforgiven,Warner Bros. Pictures
1992,Unforgiven,Malpaso Productions
1993,Dave,Donner/Shuler-Donner Productions
1993,Dave,Northern Lights Entertainment
1993,Schindler's List,Universal Pictures
1993,Schindler's List,Amblin Entertainment
1993,The Piano,New South Wales Film & Television Office
1993,The Piano,Jan Chapman Productions
1993,The Age of Innocence,Columbia Pictures
1993,The Age of Innocence,Cappa Productions
1952,The Snows of Kilimanjaro,20th Century Fox
1993,Short Cuts,Fine Line Features
1993,Short Cuts,Spelling Entertainment
1953,Julius Caesar,Metro-Goldwyn-Mayer
1994,Speed,20th Century Fox
1994,Speed,The Mark Gordon Company
1953,Shane,Paramount
1994,Heavenly Creatures,Miramax
1994,Heavenly Creatures,WingNut Films
1994,Little Women,Columbia Pictures
1953,The War of the Worlds,Paramount
1994,"The Adventures of Priscilla, Queen of the Desert",PolyGram Filmed Entertainment
1994,"The Adventures of Priscilla, Queen of the Desert",Latent Image Productions Pty. Ltd.
1953,The Band Wagon,Metro-Goldwyn-Mayer
1994,Legends of the Fall,Bedford Falls Productions
1994,Legends of the Fall,TriStar Pictures
1994,Four Weddings and a Funeral,PolyGram Filmed Entertainment
1994,Four Weddings and a Funeral,Channel Four Films
1995,A Little Princess,Warner Bros. Pictures
1995,Apollo 13,Imagine Entertainment
1995,Apollo 13,Universal Pictures
1954,The Caine Mutiny,Stanley Kramer Productions
1954,The Caine Mutiny,Columbia Pictures
1954,The Glenn Miller Story,Universal Pictures
1995,Babe,Universal Pictures
1995,Babe,Kennedy Miller Productions
1995,Dead Man Walking,Havoc
1995,Dead Man Walking,PolyGram Filmed Entertainment
1954,A Star Is Born,Transcona Enterprises
1954,A Star Is Born,Warner Bros. Pictures
1996,Secrets & Lies,Channel Four Films
1996,Secrets & Lies,Thin Man Films
1996,Fly Away Home,Sandollar Productions
1996,Fly Away Home,Columbia Pictures
1954,Executive Suite,Metro-Goldwyn-Mayer
1996,Emma,Miramax
1996,Emma,Haft Entertainment
1996,The English Patient,Miramax
1996,The English Patient,Tiger Moth Productions
1996,Evita,Hollywood Pictures
1996,Evita,Cinergi Pictures Entertainment
1996,The Crucible,20th Century Fox
1997,As Good as It Gets,Gracie Films
1997,As Good as It Gets,TriStar Pictures
1997,Boogie Nights,New Line Cinema
1997,Boogie Nights,Lawrence Gordon Productions
1956,The Ten Commandments,Paramount
1956,The Ten Commandments,Motion Picture Associates
1956,The King and I,20th Century Fox
1998,Pleasantville,New Line Cinema
1998,Pleasantville,Larger Than Life Productions
1998,Shakespeare in Love,Universal Pictures
1998,Shakespeare in Love,Miramax
1998,Elizabeth,PolyGram Filmed Entertainment
1998,Elizabeth,Working Title Films
1998,Primary Colors,Mutual Film Company
1998,Primary Colors,Universal Pictures
1998,Beloved,Harpo Films
1998,Beloved,Touchstone Pictures
1957,Witness for the Prosecution,Edward Small Productions
1957,Sayonara,Pennebaker Productions
1957,Sayonara,William Goetz Productions
1957,The Bridge on the River Kwai,Horizon Pictures
1957,The Bridge on the River Kwai,Columbia Pictures
1999,The Matrix,Village Roadshow Pictures
1999,The Matrix,Groucho II Film Partnership
1999,The Sixth Sense,Spyglass Entertainment
1999,The Sixth Sense,The Kennedy/Marshall Company
1999,Election,Paramount
1999,Election,Bona Fide Productions
1999,Being John Malkovich,Gramercy Pictures
1999,Being John Malkovich,Propaganda Films
1999,Anna and the King,Fox 2000 Pictures
1999,Anna and the King,Lawrence Bender Productions
1999,Magnolia,Ghoulardi Film Company
1999,Magnolia,The Magnolia Project
1999,Titus,Clear Blue Sky Productions
1999,Titus,Overseas FilmGroup
1999,The Cider House Rules,Miramax
1999,The Cider House Rules,Nina Saxon Film Design
1957,An Affair to Remember,Jerry Wald Productions
1957,An Affair to Remember,20th Century Fox
1999,The Talented Mr. Ripley,Timnick Films
1999,The Talented Mr. Ripley,Paramount
1999,Topsy-Turvy,Newmarket Capital Group
1999,Topsy-Turvy,Goldwyn Films
1958,Gigi,Arthur Freed Production
1958,Gigi,Metro-Goldwyn-Mayer
1958,Teacher's Pet,Perlsea Company
2000,Erin Brockovich,Jersey Films
2000,Chocolat,Fat Free
2000,Chocolat,Miramax
2000,"Crouching Tiger, Hidden Dragon",China Film Co-Production Corporation
2000,"Crouching Tiger, Hidden Dragon",Columbia Pictures Film Production Asia
2000,Almost Famous,Columbia Pictures
2000,Almost Famous,Vinyl Films
2000,The Patriot,Centropolis Entertainment
2000,The Patriot,Mutual Film Company
2000,Billy Elliot,StudioCanal
2000,Billy Elliot,BBC Films
1959,Anatomy of a Murder,Columbia Pictures
1959,North by Northwest,Metro-Goldwyn-Mayer
2000,102 Dalmatians,Walt Disney Pictures
2000,102 Dalmatians,Cruella Productions
2000,Traffic,USA Films
2000,Traffic,Compulsion Inc.
2001,Mulholland Drive,Asymmetrical Productions
2001,Mulholland Drive,Les Films Alain Sarde
2001,Amélie,France 3 Cinéma
2001,Amélie,Claudie Ossard Productions
2001,Gosford Park,Sandcastle 5
2001,Gosford Park,Chicagofilms
1960,Spartacus,Bryna Productions
1960,Never on Sunday,MelinaFilm
1960,Never on Sunday,Lopert Pictures Corporation
2001,In the Bedroom,Miramax
2001,In the Bedroom,GreeneStreet/SKE Films
2002,My Big Fat Greek Wedding,Ontario Film Development Corporation
2002,My Big Fat Greek Wedding,Gold Circle Films
1961,The Guns of Navarone,Highroad Productions
1961,The Guns of Navarone,Columbia Pictures
1961,Breakfast at Tiffany's,Paramount
1961,Breakfast at Tiffany's,Jurow-Shepherd
2002,Far from Heaven,Killer Films
2002,Far from Heaven,Section Eight
1961,Yojimbo,Toho
2002,Talk to Her,Vía Digital
2002,Talk to Her,Good Machine
1962,That Touch of Mink,Universal Pictures
1962,That Touch of Mink,Arwin Productions
2003,Lost in Translation,American Zoetrope
2003,Lost in Translation,Focus Features
2003,Cold Mountain,Miramax
2003,Cold Mountain,Mirage Enterprises
2003,The Barbarian Invasions,Astral Films
2003,The Barbarian Invasions,The Harold Greenberg Fund
2003,Girl with a Pearl Earring,Archer Street Productions
2003,Girl with a Pearl Earring,Delux Productions
1962,The Manchurian Candidate,MC Productions
1962,The Manchurian Candidate,United Artists
2003,Mystic River,Warner Bros. Pictures
2003,Mystic River,Village Roadshow Pictures
2004,The Incredibles,Pixar
2004,The Incredibles,Walt Disney Pictures
2004,Million Dollar Baby,Lakeshore Entertainment
2004,Million Dollar Baby,Malpaso Productions
2004,A Very Long Engagement,Gerber Pictures
2004,A Very Long Engagement,2003 Productions
1964,A Hard Day's Night,Proscenium Films
1964,A Hard Day's Night,Walter Shenson Films
2004,Finding Neverland,Miramax
2004,Finding Neverland,FilmColony
2004,Lemony Snicket's A Series of Unfortunate Events,Paramount
2004,Lemony Snicket's A Series of Unfortunate Events,Scott Rudin Productions
2004,Sideways,Fox Searchlight Pictures
2004,Sideways,Michael London Productions
2004,Vera Drake,Les Films Alain Sarde
2004,Vera Drake,UK Film Council
2004,Ray,Bristol Bay Productions
2004,Ray,Universal Pictures
1964,The Americanization of Emily,Filmways Pictures
1964,The Americanization of Emily,Metro-Goldwyn-Mayer
2004,The Passion of the Christ,Icon Productions
1965,Doctor Zhivago,Metro-Goldwyn-Mayer
1965,Doctor Zhivago,Carlo Ponti Production
2005,The New World,The Virginia Company LLC
2005,The New World,New Line Cinema
2005,The Constant Gardener,Scion Films
2005,The Constant Gardener,Studio Babelsberg
2005,Charlie and the Chocolate Factory,Village Roadshow Pictures
2005,Charlie and the Chocolate Factory,The Zanuck Company
2005,Memoirs of a Geisha,Columbia Pictures
2005,Memoirs of a Geisha,DreamWorks Pictures
1966,Who's Afraid of Virginia Woolf?,Chenault Productions
1966,Who's Afraid of Virginia Woolf?,Warner Bros. Pictures
2005,Capote,"""Coopers Town Productions"""
2005,Capote,Infinity Media
1966,A Man for All Seasons,Highland Films
1966,A Man for All Seasons,Columbia Pictures
2005,Match Point,DreamWorks Pictures
1966,The Fortune Cookie,Phalanx Productions
1966,The Fortune Cookie,Jalem Productions
2005,Pride & Prejudice,Focus Features
2005,Pride & Prejudice,Universal Pictures
1966,The Sand Pebbles,Robert Wise Productions
1966,The Sand Pebbles,Solar Productions
2005,A History of Violence,New Line Cinema
2005,A History of Violence,BenderSpink
1966,Alfie,Paramount
1966,Alfie,Lewis Gilbert Productions
2006,Pan's Labyrinth,Estudios Picasso
2006,Pan's Labyrinth,Esperanto Filmoj
2006,Little Children,New Line Cinema
2006,Little Children,Standard Film Company
2006,Little Miss Sunshine,Fox Searchlight Pictures
2006,Little Miss Sunshine,Bona Fide Productions
1967,In the Heat of the Night,United Artists
1967,In the Heat of the Night,The Mirisch Company
2006,The Queen,Granada Productions
2006,The Queen,Pathé Renn Productions
1967,The Graduate,Lawrence Turman Films
1967,The Graduate,Inc.
2006,Notes on a Scandal,Fox Searchlight Pictures
2006,Notes on a Scandal,DNA Films
1968,Oliver!,Warwick Film Productions
1968,Oliver!,Romulus Films
1968,Planet of the Apes,APJAC Productions
1968,Planet of the Apes,20th Century Fox
2006,Dreamgirls,Laurence Mark Productions
2006,Dreamgirls,Paramount
2006,Babel,Babel Productions Inc.
2006,Babel,Paramount
1968,Bullitt,Solar Productions
1968,Bullitt,Warner Bros./Seven Arts
1969,Z,Valoria Films
1969,Midnight Cowboy,Florin Productions
1969,Midnight Cowboy,Jerome Hellman Productions
1969,Butch Cassidy and the Sundance Kid,Campanile Productions
1969,Butch Cassidy and the Sundance Kid,20th Century Fox
2007,Juno,Mandate Pictures
2007,Juno,Mr. Mudd Production
1969,"They Shoot Horses, Don't They?",Palomar Pictures International
1969,Alice's Restaurant,Elkins Entertainment
2007,The Savages,Fox Searchlight Pictures
2007,The Savages,Ad Hominem Enterprises
2007,No Country for Old Men,Miramax
2007,No Country for Old Men,Scott Rudin Productions
1969,Easy Rider,Columbia Pictures
1969,Easy Rider,Raybert Productions
2007,Atonement,Universal Pictures
2007,Atonement,Relativity Media
1970,Love Story,Paramount
1970,Love Story,Love Story Company
1970,Patton,20th Century Fox
1970,Tora! Tora! Tora!,20th Century Fox
2007,Lars and the Real Girl,Sidney Kimmel Entertainment
2007,Lars and the Real Girl,Lars Productions
2007,La Vie en Rose,Sofica Valor 7
2007,La Vie en Rose,TPS Star
2007,Elizabeth: The Golden Age,Universal Pictures
2007,Elizabeth: The Golden Age,StudioCanal
2007,Across the Universe,Revolution Studios
2007,Across the Universe,Team Todd
1971,A Clockwork Orange,Warner Bros. Pictures
1971,A Clockwork Orange,Hawk Films
1971,The French Connection,"""DAntoni Productions"""
1971,The French Connection,Schine-Moore Productions
1971,The Last Picture Show,BBS Productions
1971,The Last Picture Show,Columbia Pictures
2008,The Dark Knight,DC Comics
2008,The Dark Knight,Legendary Pictures
1972,The Godfather,Paramount
1972,The Godfather,Alfran Productions
2008,The Curious Case of Benjamin Button,Paramount
2008,The Curious Case of Benjamin Button,Warner Bros. Pictures
1972,The Poseidon Adventure,Kent Productions
1972,The Poseidon Adventure,20th Century Fox
1972,1776,Columbia Pictures
2008,Happy-Go-Lucky,Thin Man Films
2008,Happy-Go-Lucky,Film4 Productions
1972,Deliverance,Warner Bros. Pictures
1972,Deliverance,Elmer Enterprises
1973,The Sting,Universal Pictures
1973,The Sting,Zanuck/Brown Productions
1973,American Graffiti,Universal Pictures
1973,American Graffiti,Lucasfilm Ltd.
1973,A Touch of Class,Brut Productions
1973,A Touch of Class,Joseph E. Levine Productions
2008,The Duchess,BBC Films
2008,The Duchess,Paramount Vantage
1973,Serpico,Paramount
1973,Serpico,De Laurentiis Entertainment Group
2009,In the Loop,Aramid Entertainment Fund
2009,In the Loop,BBC Films
1974,The Conversation,Paramount
1974,The Conversation,The Directors Company
2009,Inglourious Basterds,The Weinstein Company
2009,Inglourious Basterds,Universal Pictures
2009,Avatar,Dune Entertainment
2009,Avatar,Lightstorm Entertainment
1974,Blazing Saddles,Crossbow Productions
1974,Blazing Saddles,Warner Bros. Pictures
1974,Chinatown,Paramount
1974,Chinatown,Long Road Productions
1974,The Towering Inferno,Warner Bros. Pictures
1974,The Towering Inferno,20th Century Fox
2009,An Education,BBC Films
2009,An Education,Wildgaze Films
2009,Bright Star,BBC Films
2009,Bright Star,Pathé Renn Productions
1974,Young Frankenstein,Crossbow Productions
1974,Young Frankenstein,Gruskoff/Venture Films
2009,The Young Victoria,GK Films
1975,Barry Lyndon,Hawk Films
1975,Barry Lyndon,Peregrine
1976,All the President's Men,Wildwood Enterprises
1976,Rocky,Winkler Films
1976,Taxi Driver,Italo/Judeo Productions
1976,Taxi Driver,Bill/Phillips
1976,Two-Minute Warning,Universal Pictures
1976,Two-Minute Warning,Filmways Pictures
2010,Alice in Wonderland,Walt Disney Pictures
2010,Alice in Wonderland,Roth Films
2010,Winter's Bone,Anonymous Content
2010,Winter's Bone,"""Winters Bone Productions"""
2010,Toy Story 3,Pixar
2010,Toy Story 3,Walt Disney Pictures
2010,I Am Love,RAI
1976,Logan's Run,Metro-Goldwyn-Mayer
2010,The Kids Are All Right,Focus Features
2010,The Kids Are All Right,Mandalay Vision
2010,Inception,Legendary Pictures
2010,Inception,Syncopy
1977,Star Wars,Lucasfilm Ltd.
1977,Star Wars,20th Century Fox
2010,The Tempest,NBC Studios
2010,Black Swan,Dune Entertainment
2010,Black Swan,Fox Searchlight Pictures
2010,127 Hours,Fox Searchlight Pictures
2010,127 Hours,Pathé
2010,Another Year,Thin Man Films
2010,Another Year,Film4 Productions
2010,True Grit,Paramount
2010,True Grit,Scott Rudin Productions
2010,The King's Speech,The Weinstein Company
2010,The King's Speech,UK Film Council
1977,Close Encounters of the Third Kind,Julia Phillips and Michael Phillips Productions
1977,Close Encounters of the Third Kind,Columbia Pictures
1978,The Deer Hunter,Universal Pictures
1978,The Deer Hunter,EMI Films
1978,Superman,Dovemead Films
1978,Superman,Film Export A.G.
1978,The Boys from Brazil,Producers Circle
1978,The Boys from Brazil,ITC
1979,All That Jazz,Columbia Pictures
1979,All That Jazz,20th Century Fox
1979,Kramer vs. Kramer,Columbia Pictures
2011,Bridesmaids,Apatow Productions
2011,Bridesmaids,Relativity Media
2011,The Help,1492 Pictures
2011,The Help,Harbinger Pictures
1979,The Rose,20th Century Fox
2011,Jane Eyre,BBC Films
2011,Jane Eyre,Ruby Films
2011,Midnight in Paris,Pontchartrain Productions
2011,Midnight in Paris,Gravier Productions
2011,A Separation,Asghar Farhadi Productions
2011,A Separation,Dreamlab Films
1979,Manhattan,United Artists
1979,Manhattan,Jack Rollins & Charles H. Joffe Productions
1980,Raging Bull,United Artists
2011,The Descendants,Dune Entertainment
2011,The Descendants,Fox Searchlight Pictures
1980,Ordinary People,Paramount
1980,Ordinary People,Wildwood Enterprises
2011,Hugo,Paramount
2011,Hugo,Infinitum Nihil
1980,Somewhere in Time,Universal Pictures
1980,Somewhere in Time,Rastar Productions
1981,On Golden Pond,Universal Pictures
2011,W.E.,Semtex Films
2011,W.E.,IM Global
1981,Pennies from Heaven,Hera Productions
1981,Pennies from Heaven,SLM Production Group
1981,Ragtime,Paramount
1981,Ragtime,Dino De Laurentiis Company
1981,Chariots of Fire,The Ladd Company
1981,Chariots of Fire,Enigma Productions
1981,Excalibur,Orion Pictures
1981,Excalibur,Cinema 84
1982,Tootsie,Mirage Enterprises
1982,Tootsie,Punch Productions
1982,Gandhi,Goldcrest
1982,Gandhi,Indo-British
1982,Diner,Metro-Goldwyn-Mayer
1982,The Verdict,20th Century Fox
2012,Mirror Mirror,Misher Films
2012,Mirror Mirror,Relativity Media
2012,Snow White and the Huntsman,Universal Pictures
2012,Snow White and the Huntsman,Roth Films
2012,Moonrise Kingdom,Focus Features
2012,Moonrise Kingdom,Scott Rudin Productions
1983,WarGames,United Artists
1983,WarGames,Sherwood Productions
2012,Beasts of the Southern Wild,Cinereach
2012,Beasts of the Southern Wild,Court 13 Pictures
1983,Terms of Endearment,Paramount
2012,Skyfall,Danjaq
2012,Skyfall,Columbia Pictures
2012,Argo,GK Films
2012,Argo,Warner Bros. Pictures
2012,Lincoln,DreamWorks Pictures
2012,Lincoln,Amblin Entertainment
2012,Zero Dark Thirty,Columbia Pictures
2012,Zero Dark Thirty,Annapurna Pictures
2012,Les Misérables,Universal Pictures
2012,Les Misérables,Working Title Films
2012,Amour,wega film vienna
2012,Amour,Les Films du Losange
2012,Silver Linings Playbook,The Weinstein Company
2012,Flight,Paramount
2012,Flight,ImageMovers
1984,The Natural,TriStar Pictures
1984,Splash,Touchstone Pictures
1984,Splash,Walt Disney Productions
1984,2010,Metro-Goldwyn-Mayer
1985,Ran,Nippon Herald Films
1985,Ran,Greenwich Film Production
1985,Kiss of the Spider Woman,HB Filmes
1986,Top Gun,Paramount
1986,Top Gun,Don Simpson/Jerry Bruckheimer Films
2013,The Great Gatsby,Spectrum Films
2013,The Great Gatsby,Village Roadshow Pictures
1986,Blue Velvet,DEG
2013,Before Midnight,Castle Rock Entertainment
2013,Before Midnight,Detour Filmproduction
2013,Blue Jasmine,Gravier Productions
2013,Blue Jasmine,Perdido Productions
2013,20 Feet from Stardom,Tremolo Productions
2013,20 Feet from Stardom,Gil Friesen Productions
2013,Prisoners,Madhouse Entertainment
2013,Prisoners,Alcon Entertainment
1987,Empire of the Sun,Amblin Entertainment
1987,Empire of the Sun,Warner Bros. Pictures
2013,Nebraska,Paramount Vantage
2013,Nebraska,Bona Fide Productions
2013,Dallas Buyers Club,Universal Pictures
2013,Dallas Buyers Club,Truth Entertainment
1987,RoboCop,Orion Pictures
1987,Radio Days,Orion Pictures
2013,Philomena,Baby Cow Productions
2013,Philomena,BBC Films
2013,American Hustle,Annapurna Pictures
2013,American Hustle,Atlas Entertainment
2013,The Wolf of Wall Street,EMJAG Productions
2013,The Wolf of Wall Street,Red Granite Pictures
1987,Maurice,Film Four International
1987,Maurice,Merchant Ivory Productions
2013,12 Years a Slave,New Regency Pictures
2013,12 Years a Slave,Plan B Entertainment
1988,Rain Man,United Artists
1988,Rain Man,Star Partners II Ltd.
1988,The Accidental Tourist,Warner Bros. Pictures
1988,Bull Durham,The Mount Company
1988,Big,American Entertainment Partners II L.P.
1988,Big,Gracie Films
2013,The Invisible Woman,BBC Films
2013,The Invisible Woman,Headline Pictures
1988,The Last Temptation of Christ,Universal Pictures
1988,The Last Temptation of Christ,Cineplex-Odeon Films
1989,Field of Dreams,Universal Pictures
1989,Dead Poets Society,Touchstone Pictures
1989,Dead Poets Society,Silver Screen Partners IV
1989,Do the Right Thing,40 Acres and a Mule Filmworks
1989,Do the Right Thing,Universal Pictures
2014,Boyhood,IFC Films
2014,Boyhood,Detour Filmproduction
2014,Maleficent,Walt Disney Pictures
2014,Maleficent,Roth Films
1990,The Hunt for Red October,Paramount
1990,The Hunt for Red October,Mace Neufeld Productions
2014,Nightcrawler,Sierra/Affinity
2014,Nightcrawler,Bold Films
2014,Birdman or (The Unexpected Virtue of Ignorance),TSG Entertainment
2014,Birdman or (The Unexpected Virtue of Ignorance),Worldview Entertainment
2014,Selma,Plan B Entertainment
2014,Selma,Harpo Films
2014,Into the Woods,Walt Disney Pictures
2014,Into the Woods,Marc Platt Productions
2014,The Theory of Everything,Working Title Films
1991,Barton Fink,Working Title Films
1991,Barton Fink,Circle Films
1991,Hook,Amblin Entertainment
1991,Hook,TriStar Pictures
1992,Scent of a Woman,Universal Pictures
1992,Scent of a Woman,City Light Films
1992,A Few Good Men,David Brown Productions
1992,The Crying Game,Channel Four Films
1992,The Crying Game,Palace Pictures
1992,Basic Instinct,Carolco Pictures
1992,Basic Instinct,StudioCanal
1992,The Lover,Timothy Burrill Productions
1992,The Lover,Renn Productions
1993,The Remains of the Day,Columbia Pictures
1993,The Remains of the Day,Merchant Ivory Productions
1993,In the Name of the Father,"""Hells Kitchen Films"""
1993,In the Name of the Father,Universal Pictures
1993,The Fugitive,Warner Bros. Pictures
2015,Cinderella,Walt Disney Pictures
2015,Cinderella,Genre Films
2015,Mad Max: Fury Road,Kennedy Miller Productions
2015,Mad Max: Fury Road,Warner Bros. Pictures
2015,Inside Out,Pixar
2015,Inside Out,Walt Disney Pictures
1993,Sleepless in Seattle,TriStar Pictures
1993,In the Line of Fire,Castle Rock Entertainment
1993,In the Line of Fire,Columbia Pictures
1993,Philadelphia,TriStar Pictures
2015,The Martian,Scott Free Productions
2015,The Martian,Mid Atlantic Films
1994,Forrest Gump,Paramount
1994,Forrest Gump,The Steve Tisch Company
2015,Brooklyn,Wildgaze Films
2015,Brooklyn,Item 7
2015,Carol,Killer Films
2015,Carol,Number 9 Films
2015,Room,Elevation Pictures
2015,Room,Téléfilm Canada
1994,Quiz Show,Baltimore Pictures
1994,Quiz Show,Wildwood Enterprises
2015,Star Wars: The Force Awakens,Lucasfilm Ltd.
2015,Star Wars: The Force Awakens,Bad Robot
2015,The Hateful Eight,The Weinstein Company
2015,The Hateful Eight,Double Feature Films
2015,The Danish Girl,Pretty Pictures
2015,The Danish Girl,Working Title Films
1995,Leaving Las Vegas,Intial Productions
1995,Leaving Las Vegas,United Artists
1995,Batman Forever,DC Comics
1995,Batman Forever,Warner Bros. Pictures
1995,The Usual Suspects,Bad Hat Harry Productions
1995,The Usual Suspects,Blue Parrot Productions
1996,Jerry Maguire,Gracie Films
1996,Jerry Maguire,TriStar Pictures
1996,Fargo,PolyGram Filmed Entertainment
1996,Fargo,Working Title Films
1996,Lone Star,Castle Rock Entertainment
1996,Lone Star,Rio Dulce
1996,Hamlet,Castle Rock Entertainment
1996,Hamlet,Turner Pictures (I)
1996,Michael Collins,Geffen Pictures
1996,Michael Collins,Warner Bros. Pictures
1997,L.A. Confidential,Regency Enterprises
1997,L.A. Confidential,Warner Bros. Pictures
1997,The Full Monty,Redwave Films
1997,The Full Monty,Channel Four Films
2016,Arrival,FilmNation Entertainment
2016,Arrival,Lava Bear Films
2016,Fantastic Beasts and Where to Find Them,Heyday Films
2016,Fantastic Beasts and Where to Find Them,Warner Bros. Pictures
1997,Air Force One,Radiant Productions
1997,Air Force One,Beacon Communications
2016,Hidden Figures,Fox 2000 Pictures
2016,Hidden Figures,Levantine Films
2016,La La Land,Summit Entertainment
2016,La La Land,Black Label Media
1997,Donnie Brasco,Phoenix Pictures
1997,Donnie Brasco,Mark Johnson Productions
2016,Sing,Illumination Entertainment
2016,Sing,Universal Pictures
2016,Jackie,Jackie Productions (II)
2016,Jackie,Fox Searchlight Pictures
2016,20th Century Women,Annapurna Pictures
2016,20th Century Women,Archer Gray
2016,Fences,Paramount
2016,Fences,Scott Rudin Productions
2016,Manchester by the Sea,Pearl Street Films
2016,Manchester by the Sea,K Period Media
2016,Florence Foster Jenkins,BBC Films
2016,Florence Foster Jenkins,Qwerty Films
1998,Out of Sight,Universal Pictures
1998,Out of Sight,Jersey Films
1998,Velvet Goldmine,Channel Four Films
1998,Velvet Goldmine,Goldwyn Films
2016,Allied,Paramount
2016,Allied,GK Films
2017,Logan,Hutch Parker Entertainment
2017,Logan,"""The Donners Company"""
2017,Get Out,Monkeypaw Productions
2017,Get Out,Blumhouse Productions
2017,Beauty and the Beast,Walt Disney Pictures
2017,Beauty and the Beast,Mandeville Films
1999,The Green Mile,Castle Rock Entertainment
1999,The Green Mile,Darkwoods Productions
2017,The Big Sick,Amazon Studios
2017,The Big Sick,FilmNation Entertainment
2017,Call Me by Your Name,La Cinéfacture
2017,Call Me by Your Name,RT Features
2000,Wonder Boys,Paramount
2000,Wonder Boys,Curtis Hanson Productions
2001,Monster's Ball,Lions Gate Films
2001,Monster's Ball,Lee Daniels Entertainment
2002,About a Boy,Universal Pictures
2002,The Pianist,Canal+ Polska
2002,The Pianist,Bac Films
2002,Gangs of New York,Miramax
2002,Gangs of New York,Initial Entertainment Group
2002,Frida,Miramax
2002,Frida,Lions Gate Films
2003,Finding Nemo,Pixar
2004,The Aviator,Miramax
2004,The Aviator,Appian Way
2004,Troy,Warner Bros. Pictures
2004,Troy,Plan B Entertainment
2004,The Phantom of the Opera,Warner Bros. Pictures
2004,The Phantom of the Opera,Odyssey Entertainment
2004,Collateral,Paramount
2004,Collateral,Parkes/MacDonald Productions
2005,Munich,Universal Pictures
2005,Munich,Amblin Entertainment
2005,"Good Night, and Good Luck.",Warner Independent Pictures (WIP)
2005,"Good Night, and Good Luck.",2929 Productions
2005,Brokeback Mountain,Good Machine
2005,Brokeback Mountain,Focus Features
2005,Cinderella Man,Universal Pictures
2005,Cinderella Man,Miramax
2005,Batman Begins,Warner Bros. Pictures
2005,Batman Begins,DC Comics
2005,The Squid and the Whale,Sony Pictures
2005,The Squid and the Whale,Destination Films
2006,Letters from Iwo Jima,DreamWorks Pictures
2006,Letters from Iwo Jima,Warner Bros. Pictures
2006,The Departed,Vertigo Entertainment
2006,The Departed,Media Asia Films
2006,Curse of the Golden Flower,Edko Films Ltd.
2006,Curse of the Golden Flower,Beijing New Picture Film Co. Ltd.
2006,Blood Diamond,Virtual Studios
2006,Blood Diamond,Spring Creek Productions
2007,The Diving Bell and the Butterfly,Pathé Renn Productions
2007,The Diving Bell and the Butterfly,Banques Populaire Image 7
2007,Michael Clayton,Castle Rock Entertainment
2007,Michael Clayton,Mirage Enterprises
2007,The Bourne Ultimatum,Universal Pictures
2007,The Bourne Ultimatum,The Kennedy/Marshall Company
2006,The Prestige,Warner Bros. Pictures
2006,The Prestige,Touchstone Pictures
2008,Australia,Bazmark Films
2008,Australia,ScreenWest
2006,The Black Dahlia,The Linson Company
2006,The Black Dahlia,Universal Pictures
2009,Up in the Air,Right of Way Films
2009,Up in the Air,Paramount
2009,Nine,Relativity Media
2009,Nine,The Weinstein Company
2007,Ratatouille,Pixar
2007,Ratatouille,Walt Disney Pictures
2009,A Serious Man,Mike Zoss Productions
2009,A Serious Man,Focus Features
2009,The Blind Side,Warner Bros. Pictures
2009,The Blind Side,Alcon Entertainment
2010,The Fighter,Paramount
2011,Extremely Loud & Incredibly Close,Paramount
2011,Extremely Loud & Incredibly Close,Scott Rudin Productions
2012,Anna Karenina,Working Title Films
2012,Anna Karenina,Universal Pictures
2013,Her,Annapurna Pictures
2013,Her,Warner Bros. Pictures
2014,The Imitation Game,Bristol Automotive
2014,The Imitation Game,Black Bear Pictures
2016,Lion,The Weinstein Company
2016,Lion,See-Saw Films
2007,The Assassination of Jesse James by the Coward Robert Ford,Plan B Entertainment
2007,The Assassination of Jesse James by the Coward Robert Ford,Virtual Studios
2008,In Bruges,Twins Financing
2008,In Bruges,Blueprint Pictures
2008,Frost/Nixon,Universal Pictures
2008,Frost/Nixon,Imagine Entertainment
2008,Milk,
2009,District 9,TriStar Pictures
2009,District 9,Block / Hanson
2009,The Imaginarium of Doctor Parnassus,Téléfilm Canada
2009,The Imaginarium of Doctor Parnassus,Infinity Features Entertainment
2009,The Messenger,Oscilloscope
2010,The Social Network,Columbia Pictures
2010,The Social Network,Relativity Media
2011,Moneyball,Columbia Pictures
2011,Moneyball,Scott Rudin Productions
2011,The Ides of March,Appian Way
2011,The Ides of March,Crystal City Entertainment
2011,Tinker Tailor Soldier Spy,StudioCanal
2011,Tinker Tailor Soldier Spy,Kinowelt Filmproduktion
2011,The Artist,uFilm
2011,The Artist,La Petite Reine
2011,Margin Call,Before the Door Pictures
2011,Margin Call,Benaroya Pictures
2011,The Girl with the Dragon Tattoo,Ground Control
2011,The Girl with the Dragon Tattoo,Columbia Pictures
2011,War Horse,Touchstone Pictures
2011,War Horse,Amblin Entertainment
2012,Life of Pi,Fox 2000 Pictures
2012,Life of Pi,Dune Entertainment
2012,Django Unchained,The Weinstein Company
2012,Django Unchained,Columbia Pictures
2013,The Grandmaster,Sil-Metropole Organisation Ltd.
2013,The Grandmaster,Block 2 Pictures
2013,Captain Phillips,Columbia Pictures
2013,Inside Llewyn Davis,CBS Films
2013,Inside Llewyn Davis,StudioCanal
2014,The Grand Budapest Hotel,Fox Searchlight Pictures
2014,The Grand Budapest Hotel,Scott Rudin Productions
2014,Whiplash,Bold Films
2014,Whiplash,Blumhouse Productions
2014,Inherent Vice,IAC Films
2014,Inherent Vice,Ghoulardi Film Company
2014,Foxcatcher,Annapurna Pictures
2014,Foxcatcher,MRC
2014,Mr. Turner,Untitled 13
2014,Mr. Turner,Lipsync Productions
2014,American Sniper,RatPac Entertainment
2014,American Sniper,Village Roadshow Pictures
2015,Ex Machina,DNA Films
2015,Ex Machina,Universal Pictures International (UPI)
2015,Straight Outta Compton,Broken Chair Flickz
2015,Straight Outta Compton,Universal Pictures
2015,Bridge of Spies,TSG Entertainment
2015,Bridge of Spies,Amblin Entertainment
2015,The Big Short,Plan B Entertainment
2015,The Big Short,Paramount
2015,Spotlight,Participant
2015,Spotlight,Anonymous Content
2016,Hell or High Water,Sidney Kimmel Entertainment
2016,Hell or High Water,Film 44
2016,Hacksaw Ridge,Vendian Entertainment
2016,Hacksaw Ridge,Summit Entertainment
2016,Moonlight,A24
2016,Moonlight,Plan B Entertainment
2017,Baby Driver,Big Talk Productions
2017,Baby Driver,Working Title Films
1938,Boys Town,Metro-Goldwyn-Mayer
1940,The Thief of Bagdad,London Films Productions
1940,The Thief of Bagdad,United Artists
1941,Sun Valley Serenade,20th Century Fox
1943,Sahara,Columbia Pictures
1945,"Objective, Burma!",Warner Bros. Pictures
1945,Anchors Aweigh,Metro-Goldwyn-Mayer
1948,Red River,United Artists
1948,Red River,Monterey Productions
1948,The Treasure of the Sierra Madre,Warner Bros. Pictures
1951,The African Queen,United Artists
1951,The African Queen,Independent Film Distributors
1952,The Big Sky,RKO Radio Pictures
1952,The Big Sky,Winchester Pictures Corporation
1953,Stalag 17,Paramount
1954,On the Waterfront,Columbia Pictures
1954,On the Waterfront,Horizon Pictures
1957,"Heaven Knows, Mr. Allison",20th Century Fox
1958,The Defiant Ones,Curtleigh Productions
1958,The Defiant Ones,Stanley Kramer Productions
1961,The Hustler,Rossen Films
1961,The Hustler,20th Century Fox
1962,Lawrence of Arabia,Horizon Pictures
1962,The Longest Day,Darryl F. Zanuck Productions
1962,The Longest Day,20th Century Fox
1965,The Flight of the Phoenix,The Associates & Aldrich Company
1965,The Flight of the Phoenix,20th Century Fox
1966,Fantastic Voyage,20th Century Fox
1966,Blow-Up,Bridge Films
1966,Blow-Up,Carlo Ponti Production
1967,The Dirty Dozen,Seven Arts Pictures
1967,The Dirty Dozen,MKH
1968,2001: A Space Odyssey,Stanley Kubrick Productions
1968,2001: A Space Odyssey,Metro-Goldwyn-Mayer
1968,Ice Station Zebra,Filmways Pictures
1968,Ice Station Zebra,Metro-Goldwyn-Mayer
1971,Death in Venice,Alfa Cinematografica
1971,Death in Venice,Warner Bros. Pictures
1972,Sleuth,Palomar Pictures International
1972,Sleuth,20th Century Fox
1976,A Star Is Born,Barwood Films
1978,Midnight Express,Columbia Pictures
1978,Midnight Express,Casablanca Filmworks
1979,Apocalypse Now,United Artists
1979,Apocalypse Now,American Zoetrope
1979,The Black Hole,Walt Disney Productions
1980,The Blue Lagoon,Columbia Pictures
1982,Tron,Lisberger/Kushner
1982,Tron,Walt Disney Productions
1984,Beverly Hills Cop,Paramount
1984,Beverly Hills Cop,Eddie Murphy Productions
1984,A Soldier's Story,Caldix
1984,A Soldier's Story,Columbia Pictures
1986,Stand by Me,Columbia Pictures
1986,Stand by Me,Act III Productions
1986,Platoon,Hemdale Film Corporation
1986,Platoon,Cinema 86
1986,The Mission,AMLF
1986,The Mission,Goldcrest
1986,Pirates,Cominco
1986,Pirates,Carthago Films
1987,Full Metal Jacket,Natant
1987,Full Metal Jacket,Stanley Kubrick Productions
1989,Glory,Freddie Fields Productions
1989,Glory,TriStar Pictures
1993,Searching for Bobby Fischer,Mirage Enterprises
1993,Searching for Bobby Fischer,Scott Rudin Productions
1993,Farewell My Concubine,Maverick Picture Company
1993,Farewell My Concubine,Beijing Film Studio
1997,Good Will Hunting,Miramax
1997,Good Will Hunting,Lawrence Bender Productions
1998,Saving Private Ryan,Paramount
1998,Saving Private Ryan,Amblin Entertainment
2000,Gladiator,Universal Pictures
2000,Gladiator,Scott Free Productions
2000,"O Brother, Where Art Thou?",Universal Pictures
2000,"O Brother, Where Art Thou?",Touchstone Pictures
2001,Black Hawk Down,Jerry Bruckheimer Films
2001,Black Hawk Down,Revolution Studios
2002,Road to Perdition,The Zanuck Company
2002,Road to Perdition,20th Century Fox
2003,Master and Commander: The Far Side of the World,Universal Pictures
2003,Master and Commander: The Far Side of the World,Samuel Goldwyn Films
2003,The Last Samurai,Warner Bros. Pictures
2003,The Last Samurai,Bedford Falls Productions
2004,Before Sunset,Warner Independent Pictures (WIP)
2004,Before Sunset,Castle Rock Entertainment
2006,The Illusionist,Contagious Entertainment
2006,The Illusionist,Michael London Productions
2010,Restrepo,Outpost Productions
2011,The Tree of Life,Plan B Entertainment
2011,The Tree of Life,Fox Searchlight Pictures
2013,Gravity,Esperanto Filmoj
2013,Gravity,Warner Bros. Pictures
2013,Cutie and the Boxer,The Weinstein Company
2013,Cutie and the Boxer,Cine Mosaic
2014,Unbroken,Legendary Pictures
2014,Unbroken,Jolie Pas
2015,Sicario,Thunder Road
2015,Sicario,Black Label Media
2015,The Revenant,Monarchy Enterprises S.a.r.l.
2015,The Revenant,Regency Enterprises
2016,Silence,Waypoint Entertainment
2016,Silence,Cappa Defina Productions
2017,Dunkirk,Warner Bros. Pictures
2017,Dunkirk,Syncopy
